{"loss": 0.1670633656460617, "accuracy": 0.944058799510004, "precision": 0.9610437339213524, "recall": 0.9396334890406036, "f1": 0.950218023255814, "auprc": 0.9867787547908771, "auroc": 0.9815636815552716}