{"loss": 0.17297148718144545, "accuracy": 0.9416832231932067, "precision": 0.9594488099063885, "recall": 0.9358916608393306, "f1": 0.9475206284680254, "auprc": 0.9852864649181731, "auroc": 0.9800216927351396}