{"loss": 0.1712543921403321, "accuracy": 0.9407800694302634, "precision": 0.9561532792925571, "recall": 0.938177874186551, "f1": 0.9470802919708029, "auprc": 0.9859581545456668, "auroc": 0.9809958560288113}