{"loss": 0.1762763253848325, "accuracy": 0.9418011027159485, "precision": 0.9601503759398496, "recall": 0.9345042078302231, "f1": 0.9471537177823104, "auprc": 0.9844351606113824, "auroc": 0.9788857754845447}