{"loss": 0.17351596057067142, "accuracy": 0.9405758627731264, "precision": 0.9571481344661987, "recall": 0.9367317425885756, "f1": 0.9468298921980633, "auprc": 0.9854061768337214, "auroc": 0.9802276622376767}