{"loss": 0.1710410710420453, "accuracy": 0.9422213148223765, "precision": 0.9602102102102102, "recall": 0.9352833638025594, "f1": 0.9475828857195777, "auprc": 0.9849140363458071, "auroc": 0.9804494908131691}