{"loss": 0.1792222816939556, "accuracy": 0.9395548294874413, "precision": 0.9596864501679732, "recall": 0.9318593693367162, "f1": 0.945568223611622, "auprc": 0.9843462182971322, "auroc": 0.9782136597939018}