{"loss": 0.2002317177208311, "accuracy": 0.9375534644995723, "precision": 0.9658584858980702, "recall": 0.928639391056137, "f1": 0.9468833373756972, "auprc": 0.9828906180231778, "auroc": 0.9714608354693546}