{"loss": 0.16485766616065642, "accuracy": 0.9426179293444966, "precision": 0.9589951976357591, "recall": 0.9385394070860448, "f1": 0.94865704366892, "auprc": 0.9876070981870607, "auroc": 0.9832476749753069}