{"loss": 0.1567517720326467, "accuracy": 0.9458962841976317, "precision": 0.9615097159940209, "recall": 0.9407678244972578, "f1": 0.9510256884124931, "auprc": 0.9874647752011099, "auroc": 0.9836891175419068}