{"loss": 0.5642107867222743, "accuracy": 0.722, "precision": 0.8964285714285715, "recall": 0.502, "f1": 0.6435897435897435, "auprc": 0.8765474799276091, "auroc": 0.8867400000000001}