{"loss": 0.22530521052546262, "accuracy": 0.9257945306725794, "precision": 0.9553672316384181, "recall": 0.9076757917337628, "f1": 0.9309110927608037, "auprc": 0.975368264344423, "auroc": 0.9663754798286085}