{"loss": 0.17378974813082199, "accuracy": 0.9434347559730447, "precision": 0.9620253164556962, "recall": 0.9365712214570496, "f1": 0.9491276400367309, "auprc": 0.9851801632791879, "auroc": 0.9791579289278969}