{"loss": 0.15772478282925706, "accuracy": 0.9450796243364639, "precision": 0.9628129602356407, "recall": 0.9396334890406036, "f1": 0.9510820149118021, "auprc": 0.9887548504789392, "auroc": 0.9843004937950696}