{"loss": 0.18695185816022408, "accuracy": 0.9460147695441813, "precision": 0.9585772174696083, "recall": 0.9466429524232992, "f1": 0.9525727069351231, "auprc": 0.9816690459194305, "auroc": 0.9740706503910358}