{"loss": 0.16355001772049313, "accuracy": 0.9440473759444558, "precision": 0.9616973338340218, "recall": 0.9370654957921698, "f1": 0.9492216456634545, "auprc": 0.9867495949460345, "auroc": 0.9826999776132477}