{"loss": 0.15850547830094605, "accuracy": 0.9440473759444558, "precision": 0.9554093567251462, "recall": 0.9450469992769343, "f1": 0.9501999272991639, "auprc": 0.9881023060516307, "auroc": 0.9838017652849018}