{"loss": 0.16333479737477505, "accuracy": 0.9442151939592186, "precision": 0.9614081048310277, "recall": 0.9385154875746251, "f1": 0.9498228065386801, "auprc": 0.9871512964184666, "auroc": 0.9826190385706857}