{"loss": 0.18486627262820926, "accuracy": 0.9378151260504202, "precision": 0.9541036717062635, "recall": 0.9464381360471344, "f1": 0.9502554450121, "auprc": 0.9866332535988437, "auroc": 0.9770839335678195}