{"loss": 0.19641283713434265, "accuracy": 0.9403716561159894, "precision": 0.9594040968342644, "recall": 0.933671620152229, "f1": 0.9463629684055842, "auprc": 0.98335397797956, "auroc": 0.9773010923346028}