{"loss": 0.18009556359384638, "accuracy": 0.9430263426587707, "precision": 0.9592065868263473, "recall": 0.9377972923527259, "f1": 0.9483811285846437, "auprc": 0.9856761123741282, "auroc": 0.9808072487087036}