{"loss": 0.6705037385790605, "accuracy": 0.695, "precision": 0.8735632183908046, "recall": 0.456, "f1": 0.5992115637319317, "auprc": 0.8597946718151015, "auroc": 0.8681760000000001}