{"loss": 0.3337592373221047, "accuracy": 0.9244641537324464, "precision": 0.9586305278174037, "recall": 0.9017713365539453, "f1": 0.9293320425943853, "auprc": 0.9775149619672356, "auroc": 0.968491998014009}