{"loss": 0.2786284385653804, "accuracy": 0.9386940404904477, "precision": 0.965925925925926, "recall": 0.9305423406279734, "f1": 0.947904046522898, "auprc": 0.9848200765534068, "auroc": 0.9745130040530794}