{"loss": 0.177123691146924, "accuracy": 0.9430379746835443, "precision": 0.9599250936329587, "recall": 0.9371115173674589, "f1": 0.9483811285846437, "auprc": 0.9857636353930642, "auroc": 0.9814309295184678}