{"loss": 0.17175911213185788, "accuracy": 0.9434463046141283, "precision": 0.95796783625731, "recall": 0.9417894358605821, "f1": 0.9498097481427795, "auprc": 0.9876822262680118, "auroc": 0.9827627889355247}