{"loss": 0.2136393062100856, "accuracy": 0.9388235294117647, "precision": 0.9556517036235803, "recall": 0.9464381360471344, "f1": 0.9510226049515608, "auprc": 0.9849384698783153, "auroc": 0.9748080377601471}