{"loss": 0.17851403332945118, "accuracy": 0.9397590361445783, "precision": 0.9570847206807251, "recall": 0.9352856109906001, "f1": 0.9460596087036023, "auprc": 0.9870351983372736, "auroc": 0.9823849838472327}