{"loss": 0.1807810474672844, "accuracy": 0.9419282628434023, "precision": 0.9587176668463211, "recall": 0.9371310953447193, "f1": 0.9477989164842506, "auprc": 0.9859022300704077, "auroc": 0.9809374086689063}