{"loss": 0.25149227729380413, "accuracy": 0.9433409727527374, "precision": 0.9590033975084937, "recall": 0.9413072476656291, "f1": 0.9500729271850107, "auprc": 0.9860290895826234, "auroc": 0.979333087252128}