{"loss": 0.20500512526919204, "accuracy": 0.9267047774601879, "precision": 0.9429824561403509, "recall": 0.9270571325907294, "f1": 0.9349519840550824, "auprc": 0.9805836883466267, "auroc": 0.9738508625061482}