{"loss": 0.21142593857188804, "accuracy": 0.9240003858997181, "precision": 0.9391775533690655, "recall": 0.9247959502370513, "f1": 0.9319253271947983, "auprc": 0.9785560629470467, "auroc": 0.9714960865926022}