{"loss": 0.2153232422544938, "accuracy": 0.9232182969164795, "precision": 0.9424433717044188, "recall": 0.9198985139543313, "f1": 0.9310344827586208, "auprc": 0.9779326899782511, "auroc": 0.9699730891773195}