{"loss": 0.21446190312123065, "accuracy": 0.9226056769450685, "precision": 0.9346381093057607, "recall": 0.9260885473838273, "f1": 0.9303436868222753, "auprc": 0.9769881363255927, "auroc": 0.9701175744122802}