{"loss": 0.20909345669788482, "accuracy": 0.9238464679461005, "precision": 0.9374074074074074, "recall": 0.9254113345521023, "f1": 0.9313707451701931, "auprc": 0.9786591392618269, "auroc": 0.9724226880365392}