{"loss": 0.2132472314662105, "accuracy": 0.9236267102307535, "precision": 0.9384164222873901, "recall": 0.925524222704266, "f1": 0.9319257371678195, "auprc": 0.9786174801346101, "auroc": 0.9711177457176761}