{"loss": 0.39095873330142406, "accuracy": 0.81070042883398, "precision": 0.9177646524307133, "recall": 0.7302964569775849, "f1": 0.8133682303201126, "auprc": 0.9270494004576288, "auroc": 0.8936677622928819}