{"loss": 0.39733773285520296, "accuracy": 0.8066162956912395, "precision": 0.9408628211342704, "recall": 0.7017353579175705, "f1": 0.8038931455787948, "auprc": 0.9227533509182075, "auroc": 0.885781560838132}