{"loss": 0.23038888188361303, "accuracy": 0.9210151126318791, "precision": 0.9560219890054973, "recall": 0.9100856327307326, "f1": 0.9324884231050451, "auprc": 0.9780339736327157, "auroc": 0.9632974526886783}