{"loss": 0.20721528445380089, "accuracy": 0.9349376114081996, "precision": 0.9438877755511023, "recall": 0.9424188528234771, "f1": 0.9431527422405164, "auprc": 0.9783268484241885, "auroc": 0.9706917814353725}