{"loss": 0.23839034442111254, "accuracy": 0.9176644493717665, "precision": 0.9454596570143379, "recall": 0.9025764895330113, "f1": 0.9235205272552519, "auprc": 0.9715760797748766, "auroc": 0.9619211301567723}