{"loss": 0.17233254185519392, "accuracy": 0.9424254797876684, "precision": 0.9619504987070557, "recall": 0.9356809198706432, "f1": 0.9486338797814208, "auprc": 0.9870816183282966, "auroc": 0.9814678616966062}