{"loss": 0.18252807573528462, "accuracy": 0.9401674494588523, "precision": 0.9543109801031687, "recall": 0.9387459224356651, "f1": 0.9464644619038918, "auprc": 0.98406053267369, "auroc": 0.9774399354981115}