{"loss": 0.17971178187566259, "accuracy": 0.9385337962017561, "precision": 0.9580081753994798, "recall": 0.9320318148951554, "f1": 0.944841487997068, "auprc": 0.9856350277037801, "auroc": 0.9801122974457217}