{"loss": 0.1827698912096189, "accuracy": 0.9379211762303451, "precision": 0.9476594176188721, "recall": 0.9407244785949506, "f1": 0.9441792141020932, "auprc": 0.9848346505937609, "auroc": 0.9798248693147962}