{"loss": 0.17699844521536406, "accuracy": 0.94049884125855, "precision": 0.9554228514027523, "recall": 0.9380289489143102, "f1": 0.9466306164845856, "auprc": 0.9856382961339216, "auroc": 0.980202884712772}