{"loss": 0.16764993947031026, "accuracy": 0.9434463046141283, "precision": 0.9551851851851851, "recall": 0.9429616087751371, "f1": 0.9490340386384544, "auprc": 0.9865796513700809, "auroc": 0.9821694596086247}