{"loss": 0.5926911915854507, "accuracy": 0.723, "precision": 0.8831615120274914, "recall": 0.514, "f1": 0.649810366624526, "auprc": 0.8409140702384885, "auroc": 0.8717719999999999}