{"loss": 0.20350546475923448, "accuracy": 0.9284033613445378, "precision": 0.9422459893048128, "recall": 0.9437600428494911, "f1": 0.943002408348943, "auprc": 0.9843230720101748, "auroc": 0.9726462267890532}