{"loss": 0.17343889048036212, "accuracy": 0.9358791096589749, "precision": 0.9387974230493915, "recall": 0.9483007953723789, "f1": 0.9435251798561151, "auprc": 0.9861525335669472, "auroc": 0.980816531638964}