{"loss": 0.24109758223080247, "accuracy": 0.9371171906900776, "precision": 0.9608811241929358, "recall": 0.9250457038391224, "f1": 0.9426229508196721, "auprc": 0.9784566549303546, "auroc": 0.9711576869082059}