{"loss": 0.23525954649870515, "accuracy": 0.9346672111065741, "precision": 0.9576365663322185, "recall": 0.9259791591807403, "f1": 0.9415418341249543, "auprc": 0.9818469100378877, "auroc": 0.9733257221105174}