{"loss": 0.24201161196687143, "accuracy": 0.9307739432305493, "precision": 0.9554794520547946, "recall": 0.9187705817782656, "f1": 0.9367655288192501, "auprc": 0.9795976630104571, "auroc": 0.9713763219850761}