{"loss": 0.24133129480074422, "accuracy": 0.9335155489319259, "precision": 0.9582085194250807, "recall": 0.9220300600037102, "f1": 0.9397685678002621, "auprc": 0.9797870906444572, "auroc": 0.9713238102975705}