{"loss": 0.2411832378246669, "accuracy": 0.9338370430876046, "precision": 0.9583333333333334, "recall": 0.9229934924078091, "f1": 0.9403314917127071, "auprc": 0.9802684556254788, "auroc": 0.9716823545818315}