{"loss": 0.24710449548267518, "accuracy": 0.9311823565448234, "precision": 0.9587121212121212, "recall": 0.9173613628126133, "f1": 0.9375810335247269, "auprc": 0.9787657696181082, "auroc": 0.9690769659022211}