{"loss": 0.5520327420582802, "accuracy": 0.7165611598938125, "precision": 0.7165304839723444, "recall": 0.824295010845987, "f1": 0.7666442501681237, "auprc": 0.8614058572216736, "auroc": 0.811893210883786}