{"loss": 0.6078491862283258, "accuracy": 0.6454026777671482, "precision": 0.6333661541254235, "recall": 0.8779975235783034, "f1": 0.7358655990493518, "auprc": 0.8422420851452059, "auroc": 0.7743323298352992}