{"loss": 0.6087908178408706, "accuracy": 0.6418215233816622, "precision": 0.6310299869621904, "recall": 0.8771293947082276, "f1": 0.7340006066120716, "auprc": 0.8366163650827536, "auroc": 0.7656633397426096}