{"loss": 0.5482750056742443, "accuracy": 0.7284605961616987, "precision": 0.7370309951060359, "recall": 0.8117139777218828, "f1": 0.7725718194254445, "auprc": 0.8473664956058882, "auroc": 0.8022495580648806}