{"loss": 0.6363492448010925, "accuracy": 0.6320196038390852, "precision": 0.621954414461619, "recall": 0.8686425173801683, "f1": 0.724885496183206, "auprc": 0.835868070557508, "auroc": 0.7628427929198345}