{"loss": 0.6526435639732618, "accuracy": 0.6618337757810905, "precision": 0.6790003245699449, "recall": 0.7582457412105835, "f1": 0.7164383561643836, "auprc": 0.7778392203222484, "auroc": 0.7294738437449884}