{"loss": 0.574309056831205, "accuracy": 0.6537362188648428, "precision": 0.6435931307793923, "recall": 0.8753144089112469, "f1": 0.7417783191230206, "auprc": 0.8561644889649417, "auroc": 0.7874027466660551}