{"loss": 0.5614255942726722, "accuracy": 0.7120088940379243, "precision": 0.7091576928563096, "recall": 0.8279364745114762, "f1": 0.7634950216406476, "auprc": 0.8475362891273182, "auroc": 0.8033527471390827}