{"loss": 0.47586663753322594, "accuracy": 0.7782315703491934, "precision": 0.7743305029392554, "recall": 0.8571945046999276, "f1": 0.8136582017844887, "auprc": 0.8907342726504676, "auroc": 0.8597664609440979}