{"loss": 0.5170708777393918, "accuracy": 0.7337688852592895, "precision": 0.7139013452914799, "recall": 0.8731261425959781, "f1": 0.7855263157894737, "auprc": 0.8793684086280198, "auroc": 0.8403687241212311}