{"loss": 0.5939794936236387, "accuracy": 0.6616986525112291, "precision": 0.6409518828451883, "recall": 0.8961608775137112, "f1": 0.7473700259185853, "auprc": 0.8468218802925451, "auroc": 0.7918301904812616}