{"loss": 0.6130345642829764, "accuracy": 0.6334490504390443, "precision": 0.6231920832276072, "recall": 0.8879248011569053, "f1": 0.7323691665424183, "auprc": 0.8403545726724387, "auroc": 0.7692682105868911}