{"loss": 0.6258173180448346, "accuracy": 0.6377373902389218, "precision": 0.6293013555787278, "recall": 0.8727404193781634, "f1": 0.7312935474098757, "auprc": 0.8357396208282812, "auroc": 0.7639225793667355}