{"loss": 0.5371057819181828, "accuracy": 0.7194200530937308, "precision": 0.6993253153417425, "recall": 0.8723015001829492, "f1": 0.7762943666558126, "auprc": 0.8717014638587606, "auroc": 0.8327783988805271}