{"loss": 0.2001006644997614, "accuracy": 0.9405879951000409, "precision": 0.9570799706529713, "recall": 0.9374775422206252, "f1": 0.9471773461608277, "auprc": 0.9861320027405459, "auroc": 0.9803699258160615}