{"loss": 0.20179055842621554, "accuracy": 0.9383295895446192, "precision": 0.9539425202652911, "recall": 0.9360086767895879, "f1": 0.9448905109489052, "auprc": 0.986003214271511, "auroc": 0.9809240075149984}