{"loss": 0.22494384294982644, "accuracy": 0.9401674494588523, "precision": 0.9600746268656717, "recall": 0.9325842696629213, "f1": 0.9461298032726604, "auprc": 0.9817326922843763, "auroc": 0.9752327699702751}