{"loss": 0.2107267061652994, "accuracy": 0.9400089203871704, "precision": 0.9582363801606115, "recall": 0.934079476758048, "f1": 0.9460012875129162, "auprc": 0.9839551414809726, "auroc": 0.9783011475473261}