{"loss": 0.20720479229070338, "accuracy": 0.9381253828874822, "precision": 0.9556048834628191, "recall": 0.9338394793926247, "f1": 0.9445968184311574, "auprc": 0.9852146535902206, "auroc": 0.979548876160307}