{"loss": 0.21350987108257738, "accuracy": 0.9401674494588523, "precision": 0.9583020285499624, "recall": 0.9334065129893889, "f1": 0.9456904541241891, "auprc": 0.9829699768022788, "auroc": 0.9775616768556826}