{"loss": 0.2078744800497468, "accuracy": 0.9409963250306247, "precision": 0.9601203912716328, "recall": 0.9330895795246801, "f1": 0.9464120155757465, "auprc": 0.9837263819874419, "auroc": 0.978792488934304}